Alabama,Auburn,Auburn University
Alabama,Florence,University of North Alabama
Alabama,Jacksonville,Jacksonville State University
Alabama,Livingston,University of West Alabama
Alabama,Montevallo,University of Montevallo
Alabama,Troy,Troy University
Alabama,Tuscaloosa,University of Alabama
Alabama,Tuscaloosa,Stillman College
Alabama,Tuscaloosa,Shelton State
Alabama,Tuskegee,Tuskegee University
Alaska,Fairbanks,University of Alaska Fairbanks
Arizona,Flagstaff,Northern Arizona University
Arizona,Tempe,Arizona State University
Arizona,Tucson,University of Arizona
Arkansas,Arkadelphia,Henderson State University
Arkansas,Arkadelphia,Ouachita Baptist University
Arkansas,Conway,Central Baptist College
Arkansas,Conway,Hendrix College
Arkansas,Conway,University of Central Arkansas
Arkansas,Fayetteville,University of Arkansas
Arkansas,Jonesboro,Arkansas State University
Arkansas,Magnolia,Southern Arkansas University
Arkansas,Monticello,University of Arkansas at Monticello
Arkansas,Russellville,Arkansas Tech University
Arkansas,Searcy,Harding University
California,Angwin,Pacific Union College
California,Arcata,Humboldt State University
California,Berkeley,University of California
California,Berkeley,Berkeley
California,Chico,California State University
California,Chico,Chico
California,Claremont,Claremont McKenna College
California,Claremont,Pomona College
California,Claremont,Harvey Mudd College
California,Claremont,Scripps College
California,Claremont,Pitzer College
California,Claremont,Keck Graduate Institute
California,Claremont,Claremont Graduate University
California,Cotati,California State University
California,Cotati,Sonoma
California,Davis,University of California
California,Davis,Davis
California,Irvine,University of California
California,Irvine,Irvine
California,Isla Vista,University of California
California,Isla Vista,Santa Barbara
California,University Park, Los Angeles,University of Southern California
California,Merced,University of California
California,Merced,Merced
California,Orange,Chapman University
California,Palo Alto,Stanford University
California,Pomona,Cal Poly Pomona
California,Pomona,WesternU
California,Redlands,University of Redlands
California,Riverside,University of California
California,Riverside,Riverside
California,Riverside,California Baptist University
California,Riverside,La Sierra University
California,Sacramento,California State University
California,Sacramento,Sacramento
California,University District, San Bernardino,California State University
California,University District, San Bernardino,San Bernardino
California,University District, San Bernardino,American Sports University
California,San Diego,University of California
California,San Diego,San Diego
California,San Diego,San Diego State University
California,San Luis Obispo,California Polytechnic State University
California,Santa Barbara,Fielding Graduate University
California,Santa Barbara,Santa Barbara City College
California,Santa Barbara,University of California
California,Santa Barbara,Santa Barbara
California,Santa Barbara,Westmont College
California,Santa Cruz,University of California
California,Santa Cruz,Santa Cruz
California,Turlock,California State University
California,Turlock,Stanislaus
California,Westwood, Los Angeles,University of California
California,Westwood, Los Angeles,Los Angeles
California,Whittier,Whittier CollegeRio Hondo College
Colorado,Alamosa,Adams State College
Colorado,Boulder,University of Colorado at Boulder
Colorado,Durango,Fort Lewis College
Colorado,Fort Collins,Colorado State University
Colorado,Golden,Colorado School of Mines
Colorado,Grand Junction,Colorado Mesa University
Colorado,Greeley,University of Northern Colorado
Colorado,Gunnison,Western State College
Colorado,Pueblo, Colorado,Colorado State University-Pueblo
Connecticut,Fairfield,Fairfield University
Connecticut,Fairfield,Sacred Heart University
Connecticut,Middletown,Wesleyan University
Connecticut,New Britain,Central Connecticut State University
Connecticut,New Haven,Yale University
Connecticut,New Haven,University of New Haven
Connecticut,New Haven,Southern Connecticut State University
Connecticut,New Haven,Albertus Magnus College
Connecticut,New Haven,Quinnipiac University
Connecticut,New London,Connecticut College
Connecticut,New London,US Coast Guard Academy
Connecticut,New London,Mitchell College
Connecticut,Storrs,University of Connecticut
Connecticut,Willimantic,Eastern Connecticut State University
Delaware,Dover,Delaware State University
Delaware,Newark,University of Delaware
Florida,Ave Maria,Ave Maria University
Florida,Boca Raton,Florida Atlantic University
Florida,Coral Gables,University of Miami
Florida,DeLand,Stetson University
Florida,Estero,Florida Gulf Coast University
Florida,Gainesville,University of Florida
Florida,Gainesville,Santa Fe College
Florida,Orlando,University of Central Florida
Florida,Sarasota,New College of Florida
Florida,Sarasota,Ringling College of Art and Design
Florida,Sarasota,State College of Florida
Florida,Sarasota,Manatee-Sarasota
Florida,Sarasota,University of South Florida Sarasota-Manatee
Florida,St. Augustine,Flagler College
Florida,St. Leo,St. Leo University
Florida,Tallahassee,Florida State University
Florida,Tallahassee,Florida A&M University
Florida,Tampa,University of South Florida
Georgia,Albany,Albany State University
Georgia,Athens,University of Georgia
Georgia,Atlanta,Georgia State University
Georgia,Atlanta,Georgia Tech
Georgia,Atlanta,Emory
Georgia,Carrollton,University of West Georgia
Georgia,Demorest,Piedmont College
Georgia,Fort Valley,Fort Valley State University
Georgia,Kennesaw,Kennesaw State University
Georgia,Milledgeville,Georgia College & State University
Georgia,Mount Vernon,Brewton-Parker College
Georgia,Oxford,Oxford College
Georgia,Rome,Berry College
Georgia,Rome,Shorter University
Georgia,Savannah,Armstrong Atlantic State University
Georgia,Savannah,Savannah State University
Georgia,Savannah,Savannah College of Art and Design
Georgia,Statesboro,Georgia Southern University
Georgia,Valdosta,Valdosta State University
Georgia,Waleska,Reinhardt College
Georgia,Young Harris,Young Harris College
Hawaii,Manoa,University of Hawaii at Manoa
Idaho,Moscow,University of Idaho
Idaho,Pocatello,Idaho State University
Idaho,Rexburg,BYU-Idaho
Illinois,Carbondale,Southern Illinois University Carbondale
Illinois,Champaign–Urbana,University of Illinois at Urbana–Champaign
Illinois,Charleston,Eastern Illinois University
Illinois,DeKalb,Northern Illinois University
Illinois,Edwardsville,Southern Illinois University Edwardsville
Illinois,Evanston,Northwestern University
Illinois,Lebanon,McKendree University
Illinois,Macomb,Western Illinois University
Illinois,Normal,Illinois State University
Illinois,Peoria,Bradley University
Indiana,Bloomington,Indiana University Bloomington
Indiana,Crawfordsville,Wabash College
Indiana,Greencastle,DePauw University
Indiana,Hanover,Hanover College
Indiana,Marion,Indiana Wesleyan University
Indiana,Muncie,Ball State University
Indiana,Oakland City,Oakland City University
Indiana,Richmond,Earlham College
Indiana,South Bend,Notre Dame University
Indiana,Terre Haute,Indiana State University
Indiana,Terre Haute,Rose-Hulman Institute of Technology
Indiana,Upland,Taylor University
Indiana,Valparaiso,Valparaiso University
Indiana,West Lafayette,Purdue University
Iowa,Ames,Iowa State University
Iowa,Cedar Falls,University of Northern Iowa
Iowa,Cedar Rapids, Iowa,Coe College
Iowa,Decorah,Luther College
Iowa,Fayette,Upper Iowa University
Iowa,Grinnell,Grinnell College
Iowa,Iowa City,University of Iowa
Iowa,Lamoni,Graceland University
Iowa,Mount Vernon,,Cornell College
Iowa,Orange City,Northwestern College
Iowa,Sioux Center,Dordt College
Iowa,Storm Lake,Buena Vista University
Iowa,Waverly,Wartburg College
Kansas,Baldwin City,Baker University
Kansas,Emporia,Emporia State University
Kansas,Hays,Fort Hays State University
Kansas,Lawrence,University of Kansas
Kansas,Lawrence,Haskell Indian Nations University
Kansas,Manhattan,Kansas State University
Kansas,Manhattan,Manhattan Christian College
Kansas,Pittsburg,Pittsburg State University
Kentucky,Bowling Green,Western Kentucky University
Kentucky,Columbia,Lindsey Wilson College
Kentucky,Georgetown,Georgetown College
Kentucky,Highland Heights,Northern Kentucky University
Kentucky,Lexington,University of Kentucky
Kentucky,Lexington,Transylvania University
Kentucky,Louisville,University of Louisville
Kentucky,Morehead,Morehead State University
Kentucky,Murray,Murray State University
Kentucky,Richmond,Eastern Kentucky University
Kentucky,Williamsburg,University of the Cumberlands
Kentucky,Wilmore,Asbury University
Kentucky,Wilmore,Asbury Theological Seminary
Louisiana,Baton Rouge,Louisiana State University
Louisiana,Baton Rouge,Southern University
Louisiana,Grambling,Grambling State University
Louisiana,Hammond,Southeastern Louisiana University
Louisiana,Lafayette,University of Louisiana at Lafayette
Louisiana,Monroe,University of Louisiana at Monroe
Louisiana,Natchitoches,Northwestern State University
Louisiana,Ruston,Louisiana Tech University
Louisiana,Thibodaux,Nicholls State University
Maine,Augusta,University of Maine at Augusta
Maine,Bar Harbor,College of the Atlantic
Maine,Brunswick,Bowdoin College
Maine,Farmington,University of Maine at Farmington
Maine,Fort Kent,University of Maine at Fort Kent
Maine,Gorham,University of Southern Maine
Maine,Lewiston, Maine,Bates College
Maine,Orono,University of Maine
Maine,Waterville,Thomas College
Maine,Waterville,Colby College
Maryland,Annapolis,United States Naval Academy
Maryland,Annapolis,St. John's College
Maryland,Chestertown,Washington College
Maryland,College Park,University of Maryland
Maryland,College Park,College Park
Maryland,Cumberland,Allegany College of Maryland
Maryland,Emmitsburg,Mount St. Mary's University
Maryland,Frostburg,Frostburg State University
Maryland,Princess Anne,University of Maryland Eastern Shore
Maryland,Towson,Towson University
Maryland,Towson,Goucher College
Maryland,Salisbury,Salisbury University
Maryland,Westminster,McDaniel College
Massachusetts,Boston,Boston University
Massachusetts,Boston,Boston College
Massachusetts,Boston,Boston Conservatory
Massachusetts,Boston,New England Conservatory
Massachusetts,Boston,Brandeis University
Massachusetts,Boston,Northeastern University
Massachusetts,Boston,UMass Boston
Massachusetts,Boston,Emmanuel College
Massachusetts,Boston,Bunker Hill Community College
Massachusetts,Boston,Roxbury Community College
Massachusetts,Boston,Suffolk University
Massachusetts,Boston,Simmons College
Massachusetts,Boston,among many others
Massachusetts,Bridgewater,Bridgewater State College
Massachusetts,Cambridge,Harvard University
Massachusetts,Cambridge,Massachusetts Institute of Technology
Massachusetts,Cambridge,Lesley University
Massachusetts,Cambridge,Cambridge College
Massachusetts,Cambridge,Longy School of Music
Massachusetts,Chestnut Hill,Boston College
Massachusetts,Dudley,Nichols College
Massachusetts,North Grafton,Cummings School of Veterinary Medicine at Tufts University
Massachusetts,Paxton,Anna Maria College
Massachusetts,Worcester,Assumption
Massachusetts,Worcester,Becker
Massachusetts,Worcester,Clark University
Massachusetts,Worcester,Holy Cross
Massachusetts,Worcester,Mass. College of Pharmacy & Health Sciences
Massachusetts,Worcester,Quinsigamond Community College
Massachusetts,Worcester,UMass Medical School
Massachusetts,Worcester,Worcester State University
Massachusetts,Worcester,Worcester Polytechnic Institute
Massachusetts,Amherst,Amherst College
Massachusetts,Amherst,Hampshire College
Massachusetts,Amherst,University of Massachusetts Amherst
Massachusetts,Northampton,Smith College
Massachusetts,South Hadley,Mount Holyoke College
Massachusetts,Fitchburg,Fitchburg State College
Massachusetts,North Adams,Massachusetts College of Liberal Arts
Massachusetts,Springfield,American International College
Massachusetts,Springfield,
Massachusetts,Springfield,Springfield College
Massachusetts,Springfield,and
Massachusetts,Springfield,Western New England College
Massachusetts,Waltham,Bentley University
Massachusetts,Waltham,
Massachusetts,Waltham,Brandeis University
Massachusetts,Williamstown,Williams College
Massachusetts,Framingham,Framingham State University
Michigan,Adrian,Adrian College
Michigan,Adrian,Siena Heights University
Michigan,Albion,Albion College
Michigan,Allendale,Grand Valley State University
Michigan,Alma,Alma College
Michigan,Ann Arbor,University of Michigan
Michigan,Berrien Springs,Andrews University
Michigan,Big Rapids,Ferris State University
Michigan,East Lansing,Michigan State University
Michigan,Flint,Kettering University
Michigan,Flint,University of Michigan-Flint
Michigan,Hillsdale,Hillsdale College
Michigan,Houghton,Michigan Technological University
Michigan,Kalamazoo,Western Michigan University
Michigan,Kalamazoo,Kalamazoo College
Michigan,Marquette,Northern Michigan University
Michigan,Midland,Northwood University
Michigan,Mount Pleasant,Central Michigan University
Michigan,Olivet,Olivet College
Michigan,Saginaw,Saginaw Valley State University
Michigan,Sault Ste. Marie,Lake Superior State University
Michigan,Spring Arbor,Spring Arbor University
Michigan,Ypsilanti,Eastern Michigan University
Minnesota,Bemidji,Bemidji State University
Minnesota,Crookston,University of Minnesota Crookston
Minnesota,Duluth,University of Minnesota Duluth
Minnesota,Duluth,Lake Superior College
Minnesota,Duluth,The College of St. Scholastica
Minnesota,Duluth,University of Wisconsin–Superior
Minnesota,Duluth,Duluth Business University
Minnesota,Mankato,Minnesota State University
Minnesota,Mankato,Mankato
Minnesota,Mankato,
Minnesota,Marshall,Southwest Minnesota State University
Minnesota,Moorhead,Minnesota State University
Minnesota,Moorhead,Moorhead
Minnesota,Moorhead,Concordia College
Minnesota,Morris,University of Minnesota Morris
Minnesota,Northfield,Carleton College
Minnesota,Northfield,St. Olaf College
Minnesota,St. Cloud,St. Cloud State University
Minnesota,St. Cloud,The College of St. Scholastica
Minnesota,St. Joseph,College of Saint Benedict
Minnesota,St. Peter,Gustavus Adolphus College
Minnesota,Winona,Winona State University
Minnesota,Winona,St. Mary's University of Minnesota
Mississippi,Cleveland,Delta State University
Mississippi,Hattiesburg,University of Southern Mississippi
Mississippi,Itta Bena,Mississippi Valley State University
Mississippi,Oxford,University of Mississippi
Mississippi,Starkville,Mississippi State University
Missouri,Bolivar,Southwest Baptist University
Missouri,Cape Girardeau,Southeast Missouri State University
Missouri,Columbia,University of Missouri
Missouri,Columbia,Stephens College
Missouri,Columbia,Columbia College
Missouri,Fayette,Central Methodist University
Missouri,Fulton,Westminster College and William Woods University).
Missouri,Kirksville,Truman State University
Missouri,Kirksville,A. T. Still University
Missouri,Maryville,Northwest Missouri State University
Missouri,Rolla,Missouri University of Science and Technology
Missouri,Warrensburg,University of Central Missouri
Montana,Bozeman,Montana State University
Montana,Dillon,University of Montana Western
Montana,Missoula,University of Montana
Nebraska,Chadron,Chadron State College
Nebraska,Crete,Doane College
Nebraska,Kearney,University of Nebraska at Kearney
Nebraska,Lincoln,University of Nebraska at Lincoln
Nebraska,Peru,Peru State College
Nebraska,Seward,Concordia University
Nebraska,Wayne,Wayne State College
Nevada,Las Vegas,University of Nevada
Nevada,Las Vegas,Las Vegas
Nevada,Reno,University of Nevada
Nevada,Reno,Reno
New Hampshire,New London, New Hampshire,Colby-Sawyer College
New Hampshire,Durham,University of New Hampshire
New Hampshire,Hanover,Dartmouth College
New Hampshire,Henniker,New England College
New Hampshire,Keene,Keene State College
New Hampshire,Plymouth,Plymouth State University
New Hampshire,Rindge,Franklin Pierce University
New Jersey,Ewing,The College of New Jersey
New Jersey,Ewing,
New Jersey,Ewing,Rider University
New Jersey,Jersey City,New Jersey City University
New Jersey,Jersey City,
New Jersey,Jersey City,Saint Peter's University
New Jersey,Glassboro,Rowan University
New Jersey,Hoboken,Stevens Institute of Technology
New Jersey,Madison,Drew University
New Jersey,Madison,
New Jersey,Madison,Fairleigh Dickinson University
New Jersey,Madison,
New Jersey,Madison,College of Saint Elizabeth
New Jersey,Newark,Rutgers University
New Jersey,Newark,
New Jersey,Newark,New Jersey Institute of Technology
New Jersey,Newark,
New Jersey,Newark,UMDNJ
New Jersey,New Brunswick,Rutgers University
New Jersey,Princeton,Princeton University
New Jersey,Union,Kean University
New Jersey,West Long Branch,Monmouth University
New Mexico,Hobbs,University of the Southwest
New Mexico,Las Cruces,New Mexico State University
New Mexico,Las Vegas,New Mexico Highlands University
New Mexico,Portales,Eastern New Mexico University
New Mexico,Silver City,Western New Mexico University
New York,Alfred,Alfred University
New York,Alfred,Alfred State College
New York,Albany,SUNY Albany
New York,Albany,Siena College
New York,Albany,Albany College of Pharmacy
New York,Albany,Albany Law School
New York,Albany,Albany Medical College
New York,Albany,College of Saint Rose
New York,Albany,Excelsior College
New York,Albany,Maria College of Albany
New York,Albany,Mildred Elley
New York,Albany,Sage College of Albany
New York,Aurora,Wells College
New York,Binghamton,Binghamton University
New York,Brockport,SUNY Brockport
New York,Buffalo,University at Buffalo
New York,Canton,St. Lawrence University
New York,Canton,SUNY Canton
New York,Clinton,Hamilton College
New York,Cobleskill,SUNY Cobleskill
New York,Delhi,SUNY Delhi
New York,Fredonia,SUNY Fredonia
New York,Geneseo,SUNY Geneseo
New York,Geneva,Hobart and William Smith Colleges
New York,Hamilton,Colgate University
New York,Ithaca,Cornell University
New York,Ithaca,Ithaca College
New York,Morningside Heights, Manhattan,Columbia University
New York,Morningside Heights, Manhattan,Barnard College
New York,Morningside Heights, Manhattan,Teachers College
New York,Morningside Heights, Manhattan,Manhattan School of Music
New York,Morningside Heights, Manhattan,Jewish Theological Seminary
New York,Morningside Heights, Manhattan,Union Theological Seminary
New York,Morningside Heights, Manhattan,Bank Street College of Education
New York,New Paltz,SUNY New Paltz
New York,Oneonta,SUNY Oneonta
New York,Oneonta,Hartwick College
New York,Oswego,SUNY Oswego
New York,Plattsburgh,SUNY Plattsburgh
New York,Potsdam,SUNY Potsdam
New York,Potsdam,Clarkson University
New York,Poughkeepsie,Vassar College
New York,Poughkeepsie,Marist College
New York,Purchase,Purchase College
New York,Purchase,Manhattanville College
New York,Rochester,University of Rochester
New York,Rochester,Rochester Institute of Technology
New York,Rochester,Nazareth College
New York,Rochester,St. John Fisher College
New York,Rochester,Monroe Community College
New York,Rochester,Roberts Wesleyan College
New York,Rochester,SUNY Brockport
New York,Rochester,SUNY Empire State College
New York,Saratoga Springs,Skidmore College
New York,Seneca Falls,New York Chiropractic College
New York,Stony Brook,Stony Brook University
New York,Syracuse,Syracuse University
New York,Syracuse,SUNY ESF
New York,Syracuse,Upstate Medical University
New York,Tivoli,Bard College
New York,Troy,Rensselaer Polytechnic Institute
New York,Troy,Russell Sage College
New York,Troy,Hudson Valley Community College
New York,West Point,United States Military Academy
North Carolina,Banner Elk,Lees-McRae College
North Carolina,Boiling Springs,Gardner-Webb University
North Carolina,Boone,Appalachian State University
North Carolina,Buies Creek,Campbell University
North Carolina,Chapel Hill,University of North Carolina at Chapel Hill
North Carolina,Cullowhee,Western Carolina University
North Carolina,Davidson,Davidson College
North Carolina,Durham,Duke University
North Carolina,Durham,North Carolina Central University
North Carolina,Elon,Elon University
North Carolina,Greensboro,University of North Carolina at Greensboro
North Carolina,Greensboro,Greensboro College
North Carolina,Greensboro,Guilford College
North Carolina,Greensboro,North Carolina A & T State University
North Carolina,Greensboro,Bennett College
North Carolina,Greenville,East Carolina University
North Carolina,Hickory,Lenoir-Rhyne University
North Carolina,Mars Hill,Mars Hill College
North Carolina,Mount Olive,Mount Olive College
North Carolina,Pembroke,University of North Carolina at Pembroke
North Carolina,Wilmington, North Carolina,University of North Carolina at Wilmington
North Carolina,Wingate,Wingate University
North Carolina,Winston-Salem,Wake Forest University
North Carolina,Winston-Salem,University of North Carolina School of the Arts
North Carolina,Winston-Salem,Salem College
North Carolina,Winston-Salem,Winston-Salem State University
North Dakota,Fargo,North Dakota State University
North Dakota,Grand Forks,University of North Dakota
Ohio,Ada,Ohio Northern University
Ohio,Alliance,University of Mount Union
Ohio,Ashland,Ashland University
Ohio,Athens,Ohio University
Ohio,Berea,Baldwin Wallace College
Ohio,Bluffton,Bluffton University
Ohio,Bowling Green,Bowling Green State University
Ohio,Cedarville,Cedarville University
Ohio,Columbus,Ohio State University
Ohio,Delaware,Ohio Wesleyan University
Ohio,Fairborn,Wright State University
Ohio,Findlay,University of Findlay
Ohio,Gambier,Kenyon College
Ohio,Granville,Denison University
Ohio,Hiram,Hiram College
Ohio,Kent,Kent State University
Ohio,Nelsonville,Hocking College
Ohio,New Concord,Muskingum College
Ohio,Oberlin,Oberlin College
Ohio,Oxford,Miami University
Ohio,Rio Grande,University of Rio Grande
Ohio,Wilberforce,Wilberforce University
Ohio,Wilberforce,Central State University
Oklahoma,Ada,East Central University
Oklahoma,Alva,Northwestern Oklahoma State University
Oklahoma,Durant,Southeastern Oklahoma State University
Oklahoma,Edmond,University of Central Oklahoma
Oklahoma,Edmond,Oklahoma Christian University
Oklahoma,Goodwell,Oklahoma Panhandle State University
Oklahoma,Langston,Langston University
Oklahoma,Norman,University of Oklahoma
Oklahoma,Stillwater,Oklahoma State University
Oklahoma,Tahlequah,Northeastern State University
Oklahoma,Tulsa,The University of Tulsa
Oklahoma,Weatherford,Southwestern Oklahoma State University
Oregon,Ashland,Southern Oregon University
Oregon,Corvallis,Oregon State University
Oregon,Eugene,Lane Community College
Oregon,Eugene,Northwest Christian University
Oregon,Eugene,University of Oregon
Oregon,Forest Grove,Pacific University
Oregon,Klamath Falls,Klamath Community College
Oregon,Klamath Falls,Oregon Institute of Technology
Oregon,La Grande,Eastern Oregon University
Oregon,Marylhurst,Marylhurst University
Oregon,McMinnville,Linfield College
Oregon,Monmouth,Western Oregon University
Oregon,Newberg,George Fox University
Pennsylvania,Altoona,Penn State Altoona
Pennsylvania,Annville,Lebanon Valley College
Pennsylvania,Bethlehem,Lehigh University
Pennsylvania,Bethlehem,Moravian College
Pennsylvania,Bloomsburg,Bloomsburg University of Pennsylvania
Pennsylvania,Bradford,University of Pittsburgh at Bradford
Pennsylvania,California,California University of Pennsylvania
Pennsylvania,Carlisle,Dickinson College
Pennsylvania,Cecil B. Moore, Philadelphia, also known as "Templetown",Temple University
Pennsylvania,Clarion,Clarion University of Pennsylvania
Pennsylvania,Collegeville,Ursinus College
Pennsylvania,Cresson,Mount Aloysius College
Pennsylvania,East Stroudsburg,East Stroudsburg University of Pennsylvania
Pennsylvania,Edinboro,Edinboro University of Pennsylvania
Pennsylvania,Erie,Gannon University
Pennsylvania,Erie,Mercyhurst College
Pennsylvania,Erie,Penn State Erie
Pennsylvania,Gettysburg,Gettysburg College
Pennsylvania,Greensburg,Seton Hill University
Pennsylvania,Greensburg,University of Pittsburgh at Greensburg
Pennsylvania,Grove City,Grove City College
Pennsylvania,Huntingdon,Juniata College
Pennsylvania,Indiana,Indiana University of Pennsylvania
Pennsylvania,Johnstown,University of Pittsburgh at Johnstown
Pennsylvania,Kutztown,Kutztown University of Pennsylvania
Pennsylvania,Lancaster,Franklin & Marshall
Pennsylvania,Lewisburg,Bucknell University
Pennsylvania,Lock Haven,Lock Haven University of Pennsylvania
Pennsylvania,Loretto,St. Francis University
Pennsylvania,Mansfield,Mansfield University of Pennsylvania
Pennsylvania,Meadville,Allegheny College
Pennsylvania,Mont Alto,Penn State Mont Alto
Pennsylvania,Millersville,Millersville University of Pennsylvania
Pennsylvania,New Wilmington,Westminster College
Pennsylvania,North East,Mercyhurst North East
Pennsylvania,University City, Philadelphia,Drexel University
Pennsylvania,University City, Philadelphia,University of Pennsylvania
Pennsylvania,University City, Philadelphia,University of the Sciences in Philadelphia
Pennsylvania,Oakland, Pittsburgh,Carnegie Mellon University
Pennsylvania,Oakland, Pittsburgh,University of Pittsburgh
Pennsylvania,Oakland, Pittsburgh,Carlow University
Pennsylvania,Reading,Albright College
Pennsylvania,Reading,Alvernia University
Pennsylvania,Reading,Penn State Berks
Pennsylvania,Selinsgrove,Susquehanna University
Pennsylvania,Shippensburg,Shippensburg University of Pennsylvania
Pennsylvania,Slippery Rock,Slippery Rock University of Pennsylvania
Pennsylvania,State College,Pennsylvania State University
Pennsylvania,Villanova,Villanova University
Pennsylvania,Waynesburg,Waynesburg University
Pennsylvania,West Chester,West Chester University of Pennsylvania
Pennsylvania,Wilkes-Barre,King's College
Pennsylvania,Wilkes-Barre,Wilkes University
Pennsylvania,Williamsport,Lycoming College
Pennsylvania,Williamsport,Pennsylvania College of Technology
Rhode Island,Kingston,University of Rhode Island
Rhode Island,Providence,Brown University
Rhode Island,Providence,
Rhode Island,Providence,University of Rhode Island
Rhode Island,Providence,Rhode Island School of Design
Rhode Island,Providence,Johnson and Wales University
Rhode Island,Providence,Providence College
Rhode Island,Providence,Community College of Rhode Island
Rhode Island,Providence,Rhode Island College
Rhode Island,Providence,and Roger Williams University.
South Carolina,Central,Southern Wesleyan University
South Carolina,Charleston,College of Charleston
South Carolina,Charleston,The Citadel
South Carolina,Charleston,MUSC
South Carolina,Clemson,Clemson University
South Carolina,Clinton,Presbyterian College
South Carolina,Columbia,University of South Carolina
South Carolina,Due West,Erskine College
South Carolina,Florence,Francis Marion University
South Carolina,Greenwood,Lander University
South Carolina,Orangeburg,South Carolina State University
South Carolina,Orangeburg,Claflin University
South Carolina,Rock Hill,Winthrop University
South Carolina,Spartanburg,Wofford College
South Carolina,Spartanburg,Converse College
South Carolina,Spartanburg,University of South Carolina Upstate
South Carolina,Spartanburg,Spartanburg Methodist College
South Carolina,Spartanburg,Edward Via College of Osteopathic Medicine
South Carolina,Spartanburg,Spartanburg Community College
South Carolina,Spartanburg,Virginia College
South Carolina,Spartanburg,Sherman College of Chiropractic
South Dakota,Brookings,South Dakota State University
South Dakota,Madison,Dakota State University
South Dakota,Spearfish,Black Hills State University
South Dakota,Vermillion,University of South Dakota
Tennessee,Chattanooga,University of Tennessee at Chattanooga
Tennessee,Collegedale,Southern Adventist University
Tennessee,Cookeville,Tennessee Technological University
Tennessee,Harrogate,Lincoln Memorial University
Tennessee,Henderson,Freed-Hardeman University
Tennessee,Johnson City,East Tennessee State University
Tennessee,Knoxville,University of Tennessee
Tennessee,Martin,University of Tennessee at Martin
Tennessee,McKenzie,Bethel University
Tennessee,Memphis,Christian Brothers University
Tennessee,Memphis,LeMoyne-Owen College
Tennessee,Memphis,Memphis College of Art
Tennessee,Memphis,Memphis Theological Seminary
Tennessee,Memphis,Rhodes College
Tennessee,Memphis,Southern College of Optometry
Tennessee,Memphis,Southwest Tennessee Community College
Tennessee,Memphis,University of Memphis
Tennessee,Memphis,University of Tennessee Health Science Center
Tennessee,Memphis,Visible Music College
Tennessee,Murfreesboro,Middle Tennessee State University
Tennessee,Nashville,Vanderbilt University
Tennessee,Nashville,Belmont University
Tennessee,Nashville,Tennessee State University
Tennessee,Nashville,Lipscomb University
Tennessee,Nashville,Fisk University
Tennessee,Nashville,Aquinas College
Tennessee,Nashville,Trevecca Nazarene University
Tennessee,Sewanee,Sewanee: the University of the South
Texas,Abilene,Abilene Christian University
Texas,Abilene,Hardin-Simmons University
Texas,Abilene,McMurry University
Texas,Alpine,Sul Ross State University
Texas,Austin,University of Texas at Austin
Texas,Austin,St. Edwards University
Texas,Austin,Huston-Tillotson University
Texas,Beaumont,Lamar University
Texas,Canyon,West Texas A&M University
Texas,College Station,Texas A&M University
Texas,Commerce,Texas A&M University–Commerce
Texas,Dallas,Southern Methodist University
Texas,Denton,University of North Texas
Texas,Denton,Texas Woman's University
Texas,Fort Worth,Texas Christian University
Texas,Fort Worth,Texas Wesleyan University
Texas,Georgetown,Southwestern University
Texas,Huntsville,Sam Houston State University
Texas,Houston,University of Houston
Texas,Houston,Texas Southern University
Texas,Houston,Rice University
Texas,Houston,Houston Baptist University
Texas,Keene,Southwestern Adventist University
Texas,Kingsville,Texas A&M University–Kingsville
Texas,Lubbock,Texas Tech University
Texas,Lubbock,Lubbock Christian University
Texas,Nacogdoches,Stephen F. Austin State University
Texas,Plainview,Wayland Baptist University
Texas,Prairie View,Prairie View A&M University
Texas,San Marcos,Texas State University
Texas,Stephenville,Tarleton State University
Texas,Waco,Baylor University
Utah,Cedar City,Southern Utah University
Utah,Logan,Utah State University
Utah,Provo,Brigham Young University
Utah,Orem,Utah Valley University
Utah,Salt Lake City,University of Utah
Utah,Ephraim,Snow College
Vermont,Burlington,University of Vermont
Vermont,Burlington,Champlain College and Saint Michael's College
Vermont,Castleton,Castleton State College
Vermont,Johnson,Johnson State College
Vermont,Lyndonville,Lyndon State College
Vermont,Middlebury,Middlebury College
Vermont,Northfield,Norwich University
Virginia,Blacksburg,Virginia Polytechnic Institute and State University
Virginia,Bridgewater,Bridgewater College
Virginia,Charlottesville,University of Virginia
Virginia,Farmville,Longwood University
Virginia,Farmville,Hampden-Sydney College
Virginia,Fredericksburg,University of Mary Washington
Virginia,Harrisonburg,James Madison University
Virginia,Harrisonburg,Eastern Mennonite University
Virginia,Lexington,Washington and Lee University
Virginia,Lexington,Virginia Military Institute
Virginia,Lynchburg,Lynchburg College
Virginia,Lynchburg,Randolph College
Virginia,Lynchburg,Liberty University
Virginia,Lynchburg,Central Virginia Community College
Virginia,Radford,Radford University
Virginia,Williamsburg,The College of William & Mary
Virginia,Wise,University of Virginia's College at Wise
Virginia,Chesapeake,Averett University
Virginia,Chesapeake,DeVry University
Virginia,Chesapeake,Troy University
Virginia,Chesapeake,Tidewater Community College
Virginia,Chesapeake,Strayer University
Virginia,Chesapeake,Everest University
Virginia,Chesapeake,Sentera College of Health Sciences
Virginia,Chesapeake,St Leo University
Washington,Bellingham,Western Washington University
Washington,Cheney,Eastern Washington University
Washington,Ellensburg,Central Washington University
Washington,Pullman,Washington State University
Washington,University District, Seattle,University of Washington
West Virginia,Athens,Concord University
West Virginia,Buckhannon,West Virginia Wesleyan College
West Virginia,Fairmont,Fairmont State University
West Virginia,Glenville,Glenville State College
West Virginia,Huntington,Marshall University
West Virginia,Montgomery,West Virginia University Institute of Technology
West Virginia,Morgantown,West Virginia University
West Virginia,Shepherdstown,Shepherd University
West Virginia,West Liberty,West Liberty University
Wisconsin,Appleton,Lawrence University
Wisconsin,Eau Claire,University of Wisconsin–Eau Claire
Wisconsin,Green Bay,University of Wisconsin-Green Bay
Wisconsin,La Crosse,University of Wisconsin–La Crosse
Wisconsin,La Crosse,Western Technical College
Wisconsin,La Crosse,Viterbo University
Wisconsin,Madison,University of Wisconsin–Madison
Wisconsin,Menomonie,University of Wisconsin–Stout
Wisconsin,Milwaukee,Marquette University
Wisconsin,Milwaukee,University of Wisconsin–Milwaukee
Wisconsin,Oshkosh,University of Wisconsin–Oshkosh
Wisconsin,Platteville,University of Wisconsin–Platteville
Wisconsin,River Falls,University of Wisconsin–River Falls
Wisconsin,Stevens Point,University of Wisconsin–Stevens Point
Wisconsin,Waukesha,Carroll University
Wisconsin,Whitewater,University of Wisconsin–Whitewater
Wyoming,Laramie,University of Wyoming
